kathyrodriguez,aaronhoffman@example.org
oliverjulie,mcbridebradley@example.com
shealaura,crawfordjonathan@example.net
davislogan,hhall@example.net
jared69,wileychristopher@example.org
escobarmark,ericawatson@example.net
trujilloana,hramos@example.com
ffuller,gjones@example.org
allenalvarez,jsalas@example.net
kabbott,timothyfrank@example.org
jennifer92,fbates@example.com
amandalynch,wheelermichael@example.net
mooreaaron,ulewis@example.com
tranmark,kmitchell@example.org
rebecca41,wallacecynthia@example.org
rosescott,ronald66@example.com
averyshannon,michaelmcmillan@example.net
corey15,vanessa89@example.org
ebailey,nelsondonna@example.org
smithdavid,austinkim@example.org
jillgriffith,thomasjenkins@example.com
steven63,thorntonanna@example.org
hschmitt,dorismartinez@example.org
rhondarollins,matthewmason@example.com
kbenjamin,jonathanbennett@example.com
greerjerry,heather55@example.org
jessica35,nacevedo@example.org
garciaregina,richard54@example.com
jeffreychavez,jasmine11@example.org
jeffrey75,allentyler@example.com
kstone,tracygrant@example.net
staceywilliams,igarrett@example.com
caitlinpowell,philip24@example.com
johnsoncharles,lcollins@example.org
williamcarlson,wendy23@example.net
iclayton,terri83@example.org
stevenhartman,vphillips@example.org
jennifer33,tmckay@example.net
qmartinez,tiffanygonzalez@example.net
nicholascarter,iwatson@example.org
fisherlaura,shawn08@example.com
caleb01,marie67@example.net
jamesperkins,joseph52@example.com
hernandeztimothy,mark05@example.net
luke15,jocelyn21@example.net
gabrielle64,rachel94@example.net
stephanie91,hunterandres@example.net
rmartinez,gfritz@example.net
fordgregory,timothy40@example.com
zmullins,sarah03@example.net
stephanie00,jonathanthornton@example.org
briannaweber,jeremycastro@example.net
bryanfowler,lramirez@example.net
corey22,preyes@example.org
triciahurley,timothy07@example.org
patrick19,samueldorsey@example.org
yangmarcus,shawnawilson@example.com
jessica11,hernandezbrian@example.com
tylerclark,caitlinhodges@example.net
jocelyn03,pattersonamy@example.net
swatson,matthewgarcia@example.com
scottfrank,mary28@example.com
meganevans,orivera@example.net
kmaldonado,david72@example.org
allisonwebb,ethomas@example.org
hflores,scottzimmerman@example.net
nwood,natalie19@example.org
bstewart,peter83@example.com
jennifergeorge,kathycolon@example.com
granterica,carolyn44@example.net
wgregory,jameschapman@example.com
tammy66,amandajones@example.com
jesseevans,michaelpaul@example.net
ariana15,robert46@example.net
richard80,williamskimberly@example.org
xhuang,lesliehowell@example.net
schmidtdaniel,riverabrent@example.net
mitchellsteven,lauramurphy@example.net
nashdavid,scott56@example.com
iperez,david97@example.org
rmoore,burtoncynthia@example.net
mollyreed,boydjames@example.org
michaelgilbert,charles50@example.com
dphillips,sarahlee@example.com
bakerdanielle,victorlewis@example.org
tryan,watsonmatthew@example.net
michaelsmith,charlesclark@example.net
ujohnson,fosterlisa@example.org
owright,kathleenmcclure@example.org
dennis85,johnsonrobin@example.org
susan46,zcooper@example.org
watsonmatthew,opoole@example.net
joshuawoods,david33@example.org
tcolon,wongvictoria@example.net
lisa93,hmyers@example.net
julie11,wilcoxjacqueline@example.org
owolf,rogerpotter@example.org
joshua67,jesus45@example.net
millscourtney,crystaldalton@example.net
dawnchapman,jjohns@example.net
diamond21,williamsfrancisco@example.org
brownantonio,sarah95@example.org
zchandler,patelemily@example.net
naustin,henrydavid@example.org
bparks,jessicajohnson@example.com
davidatkins,allisonsmith@example.com
christopher61,phillipporter@example.com
ethansmith,william67@example.net
kyle50,ann01@example.net
myersmitchell,johnsoncynthia@example.net
harry14,porterrobert@example.net
laurasnyder,amandawilliams@example.com
tthornton,william22@example.org
markwu,scottanthony@example.net
kimberly38,foxdiane@example.net
ymartin,yhill@example.org
zsmith,martin18@example.com
torreskyle,riveranicole@example.net
lesliebarnes,kevin13@example.com
richard02,johnsonmichael@example.org
maria99,mforbes@example.com
ycunningham,andrew26@example.org
randallwendy,alexandertanya@example.net
georgefischer,snyderandre@example.org
fsavage,joy01@example.net
debrarodriguez,phillipharper@example.net
michelle61,rmcdowell@example.org
cantujesse,adkinskelly@example.net
russelllisa,jacksonjames@example.net
csaunders,barryemily@example.net
anna98,danielvirginia@example.com
mortonlisa,ggonzales@example.org
robin93,christopherwalters@example.com
wrightkathleen,ichan@example.net
hicksseth,hansenheather@example.com
mark38,elizabethstanton@example.com
clarkjeremy,snyderdavid@example.net
peggy10,thomasallen@example.net
orosales,ricardo08@example.net
hstanley,stonepatricia@example.org
fcarroll,shawnharris@example.org
michelle19,amanda18@example.net
kathydiaz,lhopkins@example.net
marcthomas,sheri39@example.com
westnicole,wolfbarbara@example.net
castroaaron,ymatthews@example.com
gregorylinda,william88@example.org
kellivalenzuela,michellesharp@example.net
lorrainefloyd,greencassandra@example.net
coreymoore,rebekahsmith@example.net
james88,nicholasberry@example.net
lewisjennifer,moraleserika@example.com
marvin74,yangkevin@example.net
tkeith,paula33@example.org
inelson,emma31@example.com
gboyer,darlenestrong@example.net
williamsrodney,bbell@example.org
rfischer,davidcrystal@example.net
porterjoel,kaitlyn18@example.net
huntangelica,joseph17@example.org
danielle28,kyle03@example.net
timothy87,chill@example.net
kathrynespinoza,sjohns@example.net
kristinperry,alan63@example.org
jeffreysmith,tblackburn@example.net
jesse06,cgrant@example.net
nmorgan,ygilmore@example.com
egreen,colejames@example.net
davistracy,annalucas@example.com
kenneth02,dixonbrett@example.org
eoneal,pbell@example.org
amandaglenn,nphillips@example.com
michael30,emily79@example.org
cheryl38,wcastro@example.com
andrew20,michael51@example.net
adammay,edrake@example.com
bflores,bharris@example.org
ryanhoward,rodneyrichardson@example.com
daviskenneth,sarahhenderson@example.com
floresbrandi,carolinecrosby@example.net
fchen,henry07@example.com
melissabrooks,stewartrobert@example.org
christina38,joseph15@example.com
dross,gregg31@example.com
archerteresa,patrickkelly@example.org
jonhouse,ayalajoseph@example.net
dwerner,murrayjenny@example.org
tammy13,garciamark@example.net
udavila,danielchristopher@example.com
natashathomas,gpoole@example.com
chelsea36,tnorman@example.net
alishavaughn,doylemarie@example.com
tgilmore,wfuller@example.net
harrisjoe,cynthiajones@example.com
phall,stefanie27@example.com
uberg,hmoreno@example.net
robertsdonna,jfoster@example.com
kford,tammybell@example.org
fernandezrebecca,carolinejacobs@example.net
jenniferthomas,paulclark@example.com
rubiofrank,juliecole@example.net
harmonzachary,justinfitzgerald@example.net
nicholasfinley,jeffery86@example.org
ellischristian,deborah64@example.org
stewartpatrick,hruiz@example.org
robersonjulie,ginahess@example.org
jamie75,markpotter@example.org
stevendominguez,ncoffey@example.net
michael74,youngjames@example.org
gilesandrew,marissa18@example.org
mistymurray,alexis75@example.org
prodriguez,kbaker@example.org
alexis49,henryderrick@example.org
guzmanmichael,paulhall@example.org
laurenmurphy,millergreg@example.com
tamara53,conleybrent@example.net
pscott,fieldsjustin@example.net
marydavis,amanda12@example.org
umurphy,munozmary@example.com
stanleyclarke,benjaminmyers@example.com
patrick39,roger00@example.net
narcher,ariel58@example.com
brittanyevans,robertpierce@example.net
jerry09,rcollins@example.org
owensjordan,csanchez@example.org
adamthomas,christopher94@example.net
timothyhuang,randy48@example.org
clarkejames,pturner@example.net
huffchad,gilesandrew@example.com
qdyer,lori26@example.net
kristin08,thorntonmichael@example.org
rhondatorres,carsonross@example.org
emiller,harriscraig@example.com
frankmorrison,grayjillian@example.org
bscott,huberrachel@example.org
andrewblackwell,taylorsara@example.org
chelseasmith,dwells@example.net
amy99,houstonwhitney@example.net
robert08,bushwilliam@example.com
amy84,smithmark@example.org
wmontoya,ronald51@example.org
brownstephanie,armstrongcolleen@example.org
aandersen,tina09@example.org
shelia82,amcdonald@example.net
cchavez,lawrencejessica@example.net
uwilliams,jeremy70@example.com
sherryvilla,ethanmaxwell@example.org
arussell,salvarado@example.org
sjohnson,ernest37@example.com
richardharding,colleen36@example.org
davidluna,spayne@example.com
terry54,zhardin@example.net
adamlarson,rhess@example.org
alexanderthomas,stephaniesantos@example.net
millerrobert,stephen01@example.org
hensontroy,seandyer@example.net
meganhernandez,randallshaffer@example.com
andrea08,ablackburn@example.com
thomastapia,rstevenson@example.org
sanchezmorgan,phillipvilla@example.com
herringamanda,jeremy32@example.net
cobblaurie,kcrawford@example.com
collinsgary,zgreene@example.com
pachecotroy,bmyers@example.org
schwartzerica,williamssamuel@example.net
mwaters,kennethwashington@example.org
williamdoyle,qcohen@example.net
nathanielhull,meredith27@example.com
fbutler,jessica50@example.org
lisa64,xhoward@example.com
zachary83,trobinson@example.org
stevenszachary,thomas43@example.org
john86,matthewpetersen@example.net
mcculloughjeff,john14@example.com
nancy51,gklein@example.com
tbraun,cindy94@example.net
melodychandler,danny30@example.com
pmartinez,wsmith@example.com
rodriguezmarc,guerrerofrank@example.com
theresa95,cwagner@example.org
stephanie87,lbarnes@example.org
watkinsdouglas,terrelldenise@example.org
williamserin,wigginsjoshua@example.org
jessehull,craig21@example.org
cristinalester,kathleengomez@example.net
sgarrett,veronicawarren@example.org
justinpalmer,jacob09@example.com
johnnyhaynes,vwilcox@example.net
anthony13,wilsonnicholas@example.net
xbenjamin,acummings@example.net
mcdonaldamy,davidtaylor@example.net
mark06,kgomez@example.org
matthewwoods,bob92@example.com
edwardslori,pamelarussell@example.com
stephen87,pgilbert@example.org
samanthasims,vjohnson@example.net
alvarezsandra,morganramirez@example.org
uhernandez,kristina11@example.com
josephpalmer,ballsara@example.net
wagnerbrandon,cterrell@example.org
mvargas,wbrown@example.org
wluna,ajohnson@example.com
hoodcarla,anne50@example.net
evansgregory,lynchrebecca@example.com
mortonjames,odrake@example.org
nicholas98,spencermorgan@example.com
seangreen,tbarton@example.org
steelejohn,joycehodge@example.org
kingblake,sgonzales@example.com
andrea87,johnsonerika@example.com
wmoses,martin51@example.net
cindyperkins,brandonramirez@example.com
sean94,katherine02@example.org
gail97,kfox@example.com
smithcathy,reidwilliam@example.net
codyherring,brandy18@example.com
wardjeffrey,martinezkathy@example.com
thompsonrobert,jesse19@example.net
daniel18,rhondadixon@example.com
kathrynhudson,ashley83@example.net
rward,qcunningham@example.net
herrerasara,meyerchristine@example.com
gescobar,howardtracy@example.com
carrie26,lisa08@example.org
tthomas,ntaylor@example.com
aclark,manderson@example.net
pruiz,guerrerodonald@example.com
stevenwheeler,uclark@example.com
zhuff,bobbyoneill@example.com
johnponce,john51@example.org
xwilliams,dustin06@example.net
barrettbarbara,patriciawilliams@example.net
dave35,megan30@example.net
chamilton,edward39@example.com
jordanpowers,qbarnett@example.net
torresandrea,tcooper@example.org
xmyers,tiffany92@example.net
lkennedy,adamswilliam@example.net
kirkbrittany,schroederdavid@example.com
stewartnicholas,clarkstephen@example.org
blakebuckley,nmitchell@example.org
alexander93,ymcclain@example.com
seth15,connor24@example.org
jonesashley,morrowsara@example.com
knoxdouglas,jdaniels@example.com
shelly09,halejamie@example.com
anthonyramos,harold09@example.com
cmoore,douglas67@example.org
meredithsmith,jasoncharles@example.com
farleynancy,boydmichael@example.com
brittneykim,melvingarrett@example.net
edwardsryan,richard90@example.net
stephaniesmith,gregory25@example.org
cody39,iclark@example.com
carlosramirez,michellemata@example.net
dawn62,garciaangela@example.org
jonathan46,hhenry@example.com
tiffanymurray,ernestlittle@example.org
sharonross,nicole97@example.com
andrew74,gallagherelizabeth@example.com
brianmartinez,michaelmarks@example.net
powelltyler,sarah07@example.com
leeeric,allendarius@example.org
ahunt,jimmy65@example.com
bmorris,melvin22@example.org
whitemichelle,kristina28@example.com
eric28,millskimberly@example.org
nclark,dianatorres@example.com
ericaperry,gstone@example.com
melissarobinson,marvincabrera@example.org
jgardner,mayjasmine@example.org
larry64,anthonybailey@example.com
jacksonlori,richardcollier@example.net
courtney48,qrobinson@example.net
pgoodwin,jennifer99@example.org
pauldiaz,pamela20@example.org
jonesdavid,jennifer71@example.org
gordonbenjamin,lucasmichael@example.org
kristen11,ohull@example.com
ubranch,angela57@example.com
melody65,cindycooper@example.com
garnerrandy,zsalazar@example.org
sheltonbianca,jacqueline62@example.org
tpayne,angelamartin@example.com
wclark,sarahreyes@example.org
breanna47,rflores@example.com
sandovalmelanie,kleintravis@example.com
pcase,sandra22@example.net
shawnpayne,brandycardenas@example.org
michellecrawford,daviskatrina@example.net
nelsonheather,caitlindavis@example.org
johnwalker,jennadickerson@example.com
michael36,tatealexis@example.net
jennaarnold,wbryant@example.com
nicholasjones,jeffrey74@example.net
stephaniehart,zritter@example.com
lawsonjason,zlane@example.net
frankvillarreal,solomonaustin@example.net
johncampbell,sonya76@example.org
jrodriguez,udavis@example.net
traci11,rodriguezmatthew@example.org
colejohn,elizabethperez@example.net
alecthornton,martha73@example.net
tamaramorrison,jasmine85@example.net
lewisabigail,patricia22@example.net
qbeard,francojean@example.org
keymorgan,csmith@example.org
christopherowens,andersonlorraine@example.net
victoria54,williamfarmer@example.com
stephanie09,whitesandra@example.com
megan43,toddhowell@example.org
jeffrey16,joshua02@example.com
melissa88,tgreen@example.net
rebecca79,lyonspeter@example.com
russelljoseph,lorireynolds@example.org
mdeleon,khorn@example.net
djohnson,nunezedward@example.com
marcfarmer,kylesandoval@example.net
laura09,bradleybrewer@example.net
melaniegregory,christopherhardy@example.net
emorrison,kristen43@example.net
zramirez,dianabrooks@example.com
courtneymiranda,kathleen15@example.com
cdavenport,jerrypetersen@example.com
stephanielong,ojones@example.org
bradycynthia,jonesphilip@example.com
stephanie72,thomaswilliams@example.org
marcus69,stephaniecox@example.net
hernandezmeghan,abigailandrews@example.net
jasondavidson,christy11@example.org
cranejoshua,bbowen@example.com
lauren38,calvin35@example.net
phutchinson,laura86@example.org
nflores,bryancannon@example.com
qnavarro,denisetaylor@example.org
melissajordan,john20@example.net
lwilliams,scottjones@example.com
simmonsjessica,keithedwards@example.com
juancampos,tammy59@example.org
uflores,raymondboyd@example.net
nharrison,amyhuff@example.org
pachecomaureen,marcus16@example.com
michael17,wongcody@example.org
donnarodriguez,brownjohn@example.net
trobles,emma71@example.com
brownandrew,kevinclements@example.net
rebeccastanley,petersenjay@example.org
nduffy,gomezrachel@example.net
nicole98,zwashington@example.org
trevor32,omiddleton@example.com
isaac89,pam83@example.net
hhunter,jerryfrank@example.net
sextonjonathan,thomasmichael@example.org
deborah11,karen91@example.net
alvarezmicheal,laura03@example.net
charlesgreen,heatherroman@example.net
joycelawrence,robert50@example.org
hbrown,williamsleslie@example.net
andrewsalazar,bowenlori@example.com
mcdanielchristopher,anthonyruiz@example.org
matthewssusan,christopher03@example.net
jennifersimmons,johnjohnson@example.org
perrytyler,debradoyle@example.org
conleycathy,brianrodriguez@example.net
christopheravila,aaronperez@example.net
michael01,mark31@example.net
gallagherjoe,ronald45@example.com
erikajames,zgutierrez@example.org
bradleyrobinson,amyscott@example.com
joshuaglass,jenkinsmatthew@example.org
shaheric,lopezsarah@example.net
zachary64,johndaniel@example.com
martha85,klawson@example.com
saundersjennifer,nnorris@example.org
cmiller,ashleyallen@example.org
tylerdavid,lauramurray@example.org
connie36,george54@example.net
christopher00,craigjonathan@example.com
sydney51,alexander65@example.org
justinbonilla,nicholas66@example.net
jenningssandra,nwhitehead@example.org
matthew95,youngsamantha@example.com
tkim,hlane@example.com
estradarebecca,lisa92@example.com
david35,jacobrodriguez@example.com
afrench,berrydylan@example.org
benjaminvaldez,jameslindsey@example.net
qherrera,chelsea34@example.com
terrymiller,webereric@example.net
kevinkeller,patrick08@example.com
sarahsnow,kimberlybrown@example.net
michaelcoleman,lmeyers@example.net
beckertheresa,sarahmorgan@example.org
catherinebarnes,afranklin@example.net
fmoore,andreatran@example.net
anthony07,rfuentes@example.com
acarter,osmith@example.com
brian52,rowemichael@example.com
petersonmichael,abigail75@example.org
longjacqueline,nathan02@example.net
nicholsjoshua,robinsonmichael@example.net
kristin26,leechristopher@example.org
collinscrystal,castroallen@example.org
erikapineda,tlarson@example.net
princedana,edward10@example.net
changjessica,rebecca31@example.net
kennethgreer,fwelch@example.com
keithsmith,froberts@example.com
mendozajessica,johnsonandrew@example.org
deannasanders,thomaswalker@example.com
hesschristopher,stephenslori@example.com
richard56,zachary47@example.net
jordanraymond,davidaustin@example.org
leekrystal,darlenejohnson@example.com
ctran,kimberly87@example.org
ericksonmelanie,caseyjohnson@example.com
williamjones,burnettnatalie@example.org
derek56,courtneyhuff@example.com
nolanpatricia,fgarcia@example.net
warrenjeffrey,amandadiaz@example.org
taylornathan,ubenitez@example.org
qstark,williammorton@example.net
ihenderson,vriley@example.net
sstephenson,roberthughes@example.net
kathryn26,hbarrera@example.com
samuel59,reillycynthia@example.com
hernandezrichard,pstout@example.net
christopher75,rrodriguez@example.net
danielcarlson,danielellis@example.com
roberta27,lisaboyd@example.net
clarkcameron,xgrant@example.net
sharon98,montgomeryalbert@example.org
smithmatthew,moorezachary@example.com
lisa39,shellystevenson@example.org
jacksondiane,joshuagreen@example.org
frich,zhernandez@example.net
carl05,johnsonbrady@example.org
mejialisa,robinsonjulia@example.net
nicoledurham,annamiller@example.com
colemancourtney,meltonjesse@example.net
robinfletcher,aaronnewman@example.net
natalie24,nicholsstacy@example.net
williamtucker,samantha98@example.org
hancockroger,nmarks@example.com
tracy40,jensenanthony@example.net
gmiller,leejames@example.org
anthonylang,emily97@example.com
knightmichael,imccall@example.org
logan84,anthony04@example.org
diazfrank,gcurtis@example.net
melissayates,ybruce@example.net
dianamiddleton,hernandezjonathan@example.net
jessica29,qdudley@example.com
alicia52,lisa79@example.com
qwhitney,richardkelly@example.net
jordan24,steven71@example.net
itaylor,whitakersean@example.net
charles26,emalone@example.org
wgrant,brendagonzalez@example.org
janetpetty,walexander@example.org
shaun33,novakaaron@example.com
knolan,shernandez@example.net
watkinsmonique,davidhenderson@example.net
wbrown,michaelconley@example.org
zhenry,karen47@example.com
phillip89,kimberlyward@example.net
djoseph,stacey90@example.net
melissalynch,ochung@example.org
mxrx,max@test.com
dustinryan,joylowe@example.com
stevensandrew,penny99@example.org
james67,jessica32@example.net
brookebarnes,tmccullough@example.com
lisacross,usmith@example.com
tonya31,kelly65@example.net
harperterri,xjennings@example.org
stanley37,stephanie21@example.net
calebmorgan,parkerdavid@example.org
crossangela,fdixon@example.net
perrycory,ronaldknight@example.org
rachelshaw,james56@example.org
ortizshelly,michael45@example.org
dhutchinson,savagealexandra@example.net
christopheryoung,masonchristy@example.net
salazarmaria,davismary@example.net
lyoung,joshuapoole@example.org
anthonyday,sandrahoffman@example.org
wmooney,prichard@example.net
andrea07,jamesprice@example.net
tammy10,travis72@example.org
monroedavid,mary06@example.org
matthew44,mike55@example.org
thomasphillips,tmorgan@example.com
chelsea59,stephensdennis@example.com
jenniferwerner,carrkelly@example.org
nicholsonashley,qbaker@example.com
deborahsnyder,swalsh@example.org
danielmiller,qsmith@example.com
rbailey,raymondlynch@example.net
amanda18,caitlinjohnson@example.com
jeff44,thomassmith@example.org
christopher23,uoliver@example.com
tbradshaw,jenniferbaldwin@example.net
howardemily,cjohnson@example.com
danny48,amontgomery@example.org
phillipsbrian,williamssara@example.com
oramirez,eric41@example.net
rachel90,marywagner@example.com
georgemichael,carolbeard@example.com
todd79,lesliewhitney@example.net
trevor12,vvelazquez@example.org
karenzavala,pharvey@example.com
heatherhoffman,rebeccaunderwood@example.com
daveshepard,williamsnicholas@example.net
jessedavis,kcurry@example.org
evanpeterson,elizabethhill@example.org
cowankristy,rbrooks@example.org
michael47,anthonyvincent@example.com
uneal,jordancoleman@example.net
andrewgeorge,gellis@example.com
mariecollins,albert00@example.net
oweiss,morganandrea@example.org
jane57,gilbertjoseph@example.net
thernandez,patrick56@example.net
cookjennifer,rogerwright@example.net
marydelacruz,edward63@example.org
shane79,brucesmith@example.com
karenparker,rgarcia@example.org
stonekristen,susanhughes@example.com
waltonbridget,restrada@example.com
rjones,antoniozavala@example.com
wanda38,nelsonwendy@example.com
sharon25,preynolds@example.com
staffordlisa,nicholasleon@example.org
asweeney,ralexander@example.com
ggreen,qtate@example.org
sherryjohnson,eric71@example.org
mendozaholly,zrogers@example.com
jacqueline32,nsmith@example.net
browncindy,jennifer63@example.com
oalvarez,pwalker@example.com
taylorterri,brownnicole@example.net
philip19,pcamacho@example.com
david77,bchambers@example.org
weberdaniel,johnmcneil@example.com
daniel56,tamaraperez@example.org
victornoble,ilamb@example.com
michelleknapp,umclean@example.net
juliewilliams,trevor07@example.com
washingtondouglas,hallderek@example.org
joshuamoore,kelseyjohnston@example.net
lmartinez,michelle16@example.net
diana20,deborah39@example.org
aliciagarcia,emmabrown@example.org
philipmarquez,lisa29@example.net
sanchezmary,garciachristina@example.net
william34,andrew75@example.com
wherring,blairapril@example.net
rcole,nixontonya@example.net
warrenannette,cruzannette@example.net
ortizpeter,amanda70@example.net
mwade,brandonparker@example.net
scott92,yfigueroa@example.com
katie46,taylor42@example.com
woodmax,edwardlopez@example.com
glen64,rhonda30@example.org
barryamy,hendersonjoseph@example.net
ybaker,uphillips@example.org
smithjeffrey,lburgess@example.com
mjohnson,vhansen@example.org
cterry,orowe@example.net
wendysteele,michaelgrant@example.net
samuelsutton,natalieholmes@example.net
criley,aimee33@example.net
courtneysmith,pedro94@example.com
denisepeterson,shawn12@example.com
hendersonemma,ppena@example.com
youngchristopher,brendawilliams@example.com
maria26,melissa03@example.com
scastillo,andrea89@example.org
qgibbs,dmiller@example.net
johnsonandrew,stacybrown@example.org
bmassey,gwendolynalexander@example.net
debra94,bishoptanner@example.net
patrickbarnett,lindsay91@example.com
jeaton,fbond@example.com
christian11,ucalhoun@example.net
cynthiayu,yrichards@example.com
ilewis,bryanjackson@example.net
xharrington,jesse80@example.net
laura29,davidtodd@example.com
joeanderson,kimberlyhampton@example.net
osanders,shannonwilliams@example.org
linda39,paul43@example.org
brandongutierrez,warnerdawn@example.net
bowenmary,estevens@example.net
jessica44,guerrerothomas@example.net
anthony12,fernandezeric@example.org
kinglinda,oliverstephen@example.org
makaylataylor,rachael90@example.com
mcdanieljennifer,paultownsend@example.org
donna59,dennis39@example.net
frances20,destinywoods@example.net
areyes,debrachandler@example.net
kirkbarbara,huntjeffrey@example.com
julie31,frytimothy@example.net
vsmith,erinmccoy@example.net
julie97,shawna76@example.net
kstanley,patty60@example.com
bradleykenneth,thomaskeith@example.com
smithjames,jenniferhughes@example.com
jenkinscynthia,audreyburton@example.net
ashley51,bailey42@example.org
amyporter,kylecasey@example.org
davidoliver,qmartin@example.org
sarahlarson,ashley08@example.org
ykeller,jesseboyle@example.net
joannestuart,christopher49@example.com
james66,christopher07@example.org
bwilliams,jonesjennifer@example.net
bauermargaret,cbaker@example.org
gomeznicholas,lauren24@example.org
leonjessica,mckaymorgan@example.com
lowesarah,dana22@example.net
michael82,nelsonedward@example.net
estradasarah,jacob36@example.net
abigailhall,berickson@example.com
russell73,aharris@example.net
john72,smorris@example.com
shelbyanderson,cody61@example.net
sandersmichael,abeltran@example.net
brianscott,qhoffman@example.org
katherineanderson,tschaefer@example.org
jimenezalexandra,macdonaldryan@example.com
johnsonkimberly,zoesmith@example.com
jwalker,david98@example.org
kenneth04,gonzalezsusan@example.org
santananicole,joseph10@example.net
marisapowell,lindacaldwell@example.net
robertokemp,blackdillon@example.com
scottdecker,seanmartin@example.com
nancymatthews,lindagonzales@example.com
ronald27,tperry@example.com
ramoskevin,johnsmith@example.net
ikane,christianhancock@example.net
marissa74,patrick03@example.net
qnorton,johnsonjessica@example.net
sandracox,rbradley@example.com
madisonbaker,gcruz@example.com
christopher96,andrewkramer@example.net
charles37,christopheranderson@example.net
tkelly,masoncarlos@example.net
jerome84,martinezdeanna@example.org
fitzgeraldtim,catherine31@example.net
hpeterson,meghan27@example.com
ucole,sgregory@example.com
timothystrong,lisadavis@example.org
psmith,hector47@example.com
wjones,rjohnson@example.com
troy40,yolanda46@example.net
veronica36,justin64@example.com
debra49,fleach@example.net
michellepalmer,nathancook@example.com
danielleanderson,kendra66@example.org
dthompson,james81@example.com
foleytiffany,stephen10@example.org
wilkersontyler,gonzalezcody@example.net
erinpatrick,zrose@example.com
marcus35,jeanette10@example.com
zscott,mooremonica@example.com
hsimmons,alyssa04@example.net
morganchristine,edwardcook@example.com
lleonard,alejandromeyer@example.net
james71,crystalgarcia@example.net
eanderson,craigsamantha@example.org
robert88,shawndickson@example.org
emily35,jodivalenzuela@example.org
sara91,brownmatthew@example.org
andrew92,qvalenzuela@example.com
patrickklein,cameron97@example.com
msmith,collinssean@example.org
amanda54,obrienchristopher@example.com
emmashaw,kpalmer@example.net
nparsons,katiechapman@example.org
robertsimon,porterdebbie@example.net
brandonmorton,marshmary@example.org
lauragonzales,yroman@example.net
william32,eric22@example.org
wileyelizabeth,tarareed@example.com
kenneth68,jreilly@example.org
jfarmer,lesliemartin@example.com
kellywright,rwright@example.net
karen65,stevemartinez@example.net
gburns,michael76@example.org
nwilliams,schneiderrichard@example.org
nancyjordan,mariaburns@example.org
jennifer85,douglastrevor@example.com
ashleylewis,monroejames@example.com
mhiggins,sandrahuff@example.net
hmassey,nancymclean@example.org
grobinson,emily93@example.org
tamara75,michaeltyler@example.com
bookermegan,elizabeth64@example.org
nguyendarrell,skeller@example.com
kellylopez,sean96@example.com
davidbender,elizabethmitchell@example.org
treynolds,markrodriguez@example.net
mgoodwin,shortmelissa@example.org
beverett,lmartinez@example.org
ldaniel,linda72@example.org
cooperlatasha,bpearson@example.com
lucasdeborah,rebeccabrown@example.net
chrisowen,gordon43@example.net
christopherwilson,hornealexandria@example.com
andrew25,jenniferbrennan@example.org
bergdanny,erik12@example.com
smithdouglas,jill58@example.com
nguyenerika,ywallace@example.net
parksmelanie,martinjason@example.net
warebrittany,blackjacqueline@example.org
slucas,joshuawatson@example.net
gailmorrow,gravesrobert@example.net
michaelhenry,andre98@example.org
meganpeterson,heidiharris@example.org
cookcurtis,teresawhite@example.net
bmccarty,poncecarolyn@example.net
kelly10,lharrison@example.org
wdouglas,brooksmichael@example.org
vcurtis,jamesphillips@example.net
foxlori,garyclark@example.org
jonathankramer,brittanyperez@example.org
ekelly,justin92@example.org
dominiquebrown,phillipsmichael@example.org
lisadavis,cedwards@example.net
amanda96,burgessrebecca@example.org
gmyers,garrett52@example.org
richardsbrett,francisco25@example.net
cooperjoshua,patricklopez@example.net
aparker,cookerik@example.com
stephenrivers,ambermoore@example.net
aliciacastillo,dferguson@example.com
luis61,tracyanderson@example.com
lhanna,renee63@example.org
scott56,kathleenthompson@example.org
james53,forbesheidi@example.com
nicole00,bramirez@example.org
barnettlauren,hannahgibson@example.org
nicole93,juliegilmore@example.com
ybailey,alexandriaanderson@example.org
wendyray,joshua51@example.org
sclark,andrewcole@example.com
upayne,lynchcatherine@example.com
rlewis,fcarpenter@example.com
smithjared,nzimmerman@example.com
gdominguez,michael96@example.com
barbaranewton,paigewoodard@example.net
qtaylor,davidmartinez@example.com
paulrobinson,emcdaniel@example.com
gabrielle85,andrew51@example.net
floresemily,omorris@example.net
patricia39,stephensonchristine@example.net
johnny60,mariahray@example.com
angela30,carlyjohnson@example.com
sophiamoore,patricia20@example.org
dennis73,michael48@example.net
irwinwyatt,michellecampos@example.net
ramosmatthew,aarcher@example.org
lhebert,daniel92@example.net
estephens,alyssaknox@example.com
adamsjessica,terrydeborah@example.org
millerdakota,hernandezannette@example.org
james47,marcus56@example.com
catherine77,andersonlori@example.com
deanna54,vmills@example.net
ialvarez,sknapp@example.org
wilkinsamber,jenniferwilson@example.org
ehaynes,angelakelley@example.org
rhammond,williamsonhannah@example.com
pburke,palmercassandra@example.net
scallahan,pamelagill@example.org
melissayoder,campbellbarbara@example.org
edwardslaura,richard61@example.com
finleypaul,michelle08@example.net
ellisashley,angela69@example.net
danaadams,ronald84@example.com
ufox,jennifermiller@example.net
josephpacheco,wpacheco@example.com
jamiemartin,ashleybradley@example.com
hallsusan,robertfoster@example.net
lbishop,iwood@example.org
dave06,vwatkins@example.com
taylorsteven,johnsonthomas@example.net
bakerjerry,along@example.net
luis49,nicole08@example.net
shawnmorgan,mbecker@example.com
javiercardenas,lisamcdaniel@example.com
joseph30,laurie57@example.net
mileskristin,denise52@example.com
heatherclark,fanderson@example.com
fredericklopez,lambertsarah@example.net
pmoore,michelle74@example.org
oholt,bradleystafford@example.com
phillipsamber,adamskimberly@example.com
lgarcia,sydney84@example.com
wayne82,claudiaschaefer@example.org
jennifer56,kimberly24@example.org
cherylstewart,robinmann@example.net
wilsoncatherine,ygraham@example.net
roberttodd,jacobsjessica@example.org
archerfrank,dayamanda@example.net
pthompson,robert43@example.com
paula36,stephanie89@example.net
mathewrodriguez,hillshelley@example.org
jordanbrown,loganjohn@example.net
taylorbob,sanchezjoyce@example.org
arojas,carlsonjeffrey@example.org
courtneynunez,lbarajas@example.com
bakermatthew,ginawagner@example.org
cward,meganbrady@example.org
hudsonbernard,amystone@example.org
jack11,thomas44@example.net
sclay,annette51@example.com
melissa54,robert38@example.org
jonescameron,andrewnewton@example.org
smithjohnathan,gutierrezcarla@example.org
sean66,jensenmichael@example.com
francismichael,raymond96@example.com
xdunn,coopermichelle@example.net
amy16,joshua52@example.com
cgiles,darrylmoore@example.com
thomasshawn,scottholmes@example.org
sandersnicholas,derrick89@example.com
ghamilton,thomasphilip@example.com
logan02,elizabethtaylor@example.net
jorge17,william53@example.net
pzimmerman,alexander01@example.com
vanessa54,benjamindavis@example.net
bowenkristy,juliewarren@example.com
jennifermorgan,waynebarnes@example.com
davidmiller,iclay@example.com
hestertimothy,jeremy57@example.org
leecharlene,bairdemma@example.net
lewisbianca,mcdowellalicia@example.org
kathleen81,kimberly57@example.net
cynthiaflores,james18@example.com
debrafoley,wallacejennifer@example.net
mmyers,cookchristy@example.org
alyssa15,mitchellnancy@example.net
bennettalan,christopher75@example.net
tammy76,achang@example.org
noblewendy,eowens@example.org
christopher11,ukennedy@example.net
timothy60,lori37@example.org
marvin66,thomastiffany@example.org
rachelbeck,jessicanelson@example.org
toddmeyer,kingdalton@example.org
pamela16,robynjohnson@example.com
dterry,zcampbell@example.com
cherylwagner,luisflynn@example.com
sbaker,drakefrederick@example.net
megan69,qwilliams@example.com
ericgomez,annchoi@example.net
ewatson,dowens@example.com
joannasmith,thomas96@example.com
marystewart,richardcampbell@example.org
jadegutierrez,jaclyn65@example.org
rebeccasmith,madison09@example.com
mckenzieeric,fwilson@example.org
cooperrobert,melissa05@example.net
ranthony,christophermcgee@example.net
matthew97,lindseylynch@example.net
sean36,evelyn94@example.org
odiaz,dcooper@example.com
thomas29,kmunoz@example.org
brownshane,johnrobinson@example.net
matthewschmitt,vrodriguez@example.net
sarabender,stephanieestrada@example.net
clementslaura,scott54@example.com
gperez,vicki82@example.net
erin71,melissanavarro@example.net
zmorgan,wyoung@example.org
staceyrichardson,rodriguezcurtis@example.org
talvarado,zgarner@example.com
margaret52,woodpamela@example.com
donna34,christinewilliams@example.org
donnadennis,chad23@example.org
jefferydavis,jrussell@example.org
milleralexandra,smitheric@example.com
connor56,latoya09@example.net
coxtina,zfields@example.org
daniel12,mark99@example.net
tanyaboyd,pcampbell@example.com
jpeters,jared53@example.com
